{"stats":{"minecraft:picked_up":{"minecraft:book":15,"minecraft:item_frame":1,"minecraft:flower_pot":1,"minecraft:blue_orchid":1,"minecraft:pumpkin_pie":1,"minecraft:torch":2},"minecraft:custom":{"minecraft:time_since_rest":2413,"minecraft:open_chest":3,"minecraft:play_time":2413,"minecraft:sprint_one_cm":37777,"minecraft:crouch_one_cm":322,"minecraft:interact_with_furnace":1,"minecraft:walk_one_cm":16195,"minecraft:sneak_time":39,"minecraft:jump":113,"minecraft:leave_game":1,"minecraft:time_since_death":2413,"minecraft:total_world_time":2413,"minecraft:climb_one_cm":2617,"minecraft:fall_one_cm":5219,"minecraft:fly_one_cm":28849},"minecraft:mined":{"minecraft:bookshelf":5,"minecraft:potted_blue_orchid":1,"minecraft:oak_leaves":1,"minecraft:wall_torch":2}},"DataVersion":3465}