{"stats":{"minecraft:dropped":{"minecraft:pumpkin_pie":1,"minecraft:emerald":1},"minecraft:mined":{"minecraft:white_bed":1,"minecraft:furnace":1,"minecraft:comparator":1,"minecraft:potted_lily_of_the_valley":1,"minecraft:wheat":23,"minecraft:potted_blue_orchid":1,"biomesoplenty:sea_oats":1,"minecraft:grass":5,"minecraft:bookshelf":5,"croptopia:apple_crop":2,"minecraft:lantern":8,"biomesoplenty:barley":3,"minecraft:oak_leaves":2,"minecraft:wall_torch":3,"biomesoplenty:goldenrod":1},"minecraft:custom":{"minecraft:time_since_rest":10300,"minecraft:interact_with_furnace":4,"minecraft:sprint_one_cm":164415,"minecraft:damage_taken":190,"minecraft:walk_one_cm":85418,"minecraft:drop":2,"minecraft:damage_dealt":0,"minecraft:swim_one_cm":11709,"minecraft:interact_with_crafting_table":2,"minecraft:fly_one_cm":114790,"minecraft:open_barrel":17,"minecraft:open_chest":14,"minecraft:crouch_one_cm":550,"minecraft:play_time":10300,"minecraft:sneak_time":102,"minecraft:walk_under_water_one_cm":1038,"minecraft:jump":423,"minecraft:eat_cake_slice":9,"minecraft:leave_game":2,"minecraft:walk_on_water_one_cm":3721,"minecraft:time_since_death":10300,"minecraft:climb_one_cm":6973,"minecraft:interact_with_smoker":1,"minecraft:total_world_time":10300,"minecraft:fall_one_cm":17492},"minecraft:used":{"minecraft:beetroot":2,"minecraft:water_bucket":1,"minecraft:iron_pickaxe":13,"minecraft:item_frame":4,"minecraft:torch":1,"minecraft:pumpkin_pie":3},"minecraft:picked_up":{"minecraft:book":15,"minecraft:wheat":12,"minecraft:flower_pot":2,"biomesoplenty:goldenrod":1,"minecraft:torch":2,"minecraft:white_dye":2,"minecraft:white_bed":1,"minecraft:lily_of_the_valley":1,"minecraft:redstone":1,"minecraft:lapis_lazuli":2,"minecraft:leather_helmet":1,"minecraft:lantern":5,"minecraft:armor_stand":1,"minecraft:item_frame":29,"minecraft:iron_shovel":2,"minecraft:arrow":13,"minecraft:apple":2,"minecraft:blue_orchid":1,"minecraft:pumpkin_pie":5,"minecraft:wheat_seeds":36,"minecraft:comparator":1,"minecraft:iron_ingot":6,"minecraft:painting":1,"minecraft:gold_ingot":4,"minecraft:emerald":7,"minecraft:iron_pickaxe":1,"minecraft:furnace":1}},"DataVersion":3465}