{"stats":{"minecraft:mined":{"minecraft:white_bed":1,"minecraft:comparator":1,"minecraft:potted_blue_orchid":1,"minecraft:bookshelf":5,"minecraft:lantern":8,"biomesoplenty:barley":3,"minecraft:oak_leaves":1,"minecraft:wall_torch":2},"minecraft:used":{"minecraft:iron_pickaxe":8,"minecraft:item_frame":4,"minecraft:pumpkin_pie":2},"minecraft:custom":{"minecraft:time_since_rest":5658,"minecraft:interact_with_furnace":3,"minecraft:sprint_one_cm":107938,"minecraft:damage_taken":40,"minecraft:walk_one_cm":52571,"minecraft:drop":1,"minecraft:swim_one_cm":1609,"minecraft:interact_with_crafting_table":1,"minecraft:fly_one_cm":54468,"minecraft:open_chest":13,"minecraft:play_time":5658,"minecraft:crouch_one_cm":426,"minecraft:sneak_time":92,"minecraft:walk_under_water_one_cm":895,"minecraft:jump":220,"minecraft:eat_cake_slice":9,"minecraft:leave_game":2,"minecraft:time_since_death":5658,"minecraft:walk_on_water_one_cm":2169,"minecraft:total_world_time":5658,"minecraft:climb_one_cm":3213,"minecraft:interact_with_smoker":1,"minecraft:fall_one_cm":6324},"minecraft:dropped":{"minecraft:pumpkin_pie":1},"minecraft:picked_up":{"minecraft:book":15,"minecraft:wheat":1,"minecraft:flower_pot":1,"minecraft:torch":2,"minecraft:white_bed":1,"minecraft:lantern":5,"minecraft:item_frame":18,"minecraft:iron_shovel":2,"minecraft:arrow":13,"minecraft:blue_orchid":1,"minecraft:pumpkin_pie":5,"minecraft:wheat_seeds":2,"minecraft:comparator":1,"minecraft:iron_ingot":2,"minecraft:painting":1,"minecraft:emerald":5,"minecraft:iron_pickaxe":1}},"DataVersion":3465}