{"stats":{"minecraft:mined":{"minecraft:birch_log":14,"minecraft:birch_leaves":3,"minecraft:crafting_table":1,"minecraft:grass":1,"minecraft:spruce_fence":1,"minecraft:coal_ore":25,"minecraft:vine":1,"minecraft:stone":13},"minecraft:crafted":{"minecraft:crafting_table":1,"minecraft:stick":8,"minecraft:wooden_pickaxe":1,"minecraft:cooked_chicken":2,"minecraft:stone_pickaxe":1,"minecraft:wooden_axe":1,"minecraft:furnace":1,"minecraft:birch_planks":16},"minecraft:picked_up":{"minecraft:birch_log":14,"minecraft:crafting_table":1,"minecraft:feather":1,"minecraft:chicken":2,"minecraft:spruce_fence":1,"aether:golden_gloves":1,"minecraft:rotten_flesh":2,"minecraft:bread":2,"minecraft:birch_sapling":1,"minecraft:coal":25,"minecraft:cobblestone":13},"minecraft:killed_by":{"iceandfire:ghost":1},"minecraft:used":{"minecraft:wooden_axe":23,"minecraft:stone_pickaxe":28,"minecraft:wooden_pickaxe":12,"minecraft:cooked_chicken":2,"minecraft:iron_chestplate":1,"minecraft:crafting_table":2,"minecraft:furnace":1},"minecraft:dropped":{"aether:golden_gloves":1},"minecraft:killed":{"earthmobsmod:duck":2,"undead_revamp2:thesmoker":1},"minecraft:custom":{"minecraft:time_since_rest":17056,"minecraft:interact_with_furnace":5,"minecraft:sprint_one_cm":45656,"minecraft:damage_taken":1004,"minecraft:walk_one_cm":51835,"minecraft:trigger_trapped_chest":1,"minecraft:mob_kills":3,"minecraft:drop":1,"minecraft:damage_dealt":322,"minecraft:interact_with_crafting_table":6,"minecraft:swim_one_cm":28750,"minecraft:fly_one_cm":77147,"minecraft:open_chest":1,"tombstone:undead_killed":1,"minecraft:play_time":21388,"minecraft:deaths":2,"minecraft:sneak_time":80,"minecraft:walk_under_water_one_cm":2985,"minecraft:jump":359,"minecraft:walk_on_water_one_cm":7858,"minecraft:time_since_death":17677,"minecraft:total_world_time":21388,"minecraft:fall_one_cm":15286}},"DataVersion":3465}