{"stats":{"minecraft:picked_up":{"luminousworld:groundpebbles_1":2,"minecraft:sand":3},"minecraft:custom":{"minecraft:jump":76,"minecraft:open_chest":1,"minecraft:time_since_rest":10352,"minecraft:leave_game":1,"minecraft:sprint_one_cm":10260,"minecraft:play_time":10352,"minecraft:walk_on_water_one_cm":1047,"minecraft:time_since_death":10352,"minecraft:walk_one_cm":11209,"minecraft:walk_under_water_one_cm":61,"minecraft:total_world_time":10352,"minecraft:swim_one_cm":410,"minecraft:fall_one_cm":1672,"minecraft:fly_one_cm":21324},"minecraft:mined":{"luminousworld:groundpebbles_1":2,"minecraft:sand":3},"minecraft:used":{"minecraft:sand":3,"luminousworld:groundpebbles_1":2}},"DataVersion":3465}