{"stats":{"minecraft:mined":{"minecraft:jungle_slab":1,"minecraft:black_bed":1,"biomesoplenty:fir_log":39,"minecraft:crafting_table":2,"biomesoplenty:fir_planks":1,"minecraft:iron_bars":2,"minecraft:stone":16,"minecraft:oak_planks":2},"minecraft:used":{"minecraft:wooden_axe":42,"minecraft:stone_pickaxe":2,"minecraft:wooden_pickaxe":16,"biomesoplenty:fir_planks":4,"minecraft:crafting_table":1,"minecraft:jungle_slab":1},"minecraft:crafted":{"biomesoplenty:fir_planks":156,"minecraft:stick":4,"minecraft:wooden_pickaxe":1,"minecraft:stone_pickaxe":1,"minecraft:wooden_axe":1,"minecraft:iron_sword":1,"minecraft:furnace":1},"minecraft:custom":{"minecraft:time_since_rest":7571,"minecraft:interact_with_furnace":1,"minecraft:sprint_one_cm":40490,"minecraft:damage_taken":183,"minecraft:walk_one_cm":46333,"minecraft:damage_dealt":19,"minecraft:interact_with_crafting_table":8,"minecraft:fly_one_cm":47250,"minecraft:open_barrel":1,"minecraft:open_chest":6,"minecraft:crouch_one_cm":124,"minecraft:play_time":7571,"minecraft:sneak_time":88,"minecraft:jump":232,"minecraft:leave_game":2,"minecraft:walk_on_water_one_cm":97,"minecraft:time_since_death":7571,"minecraft:climb_one_cm":2519,"minecraft:total_world_time":7571,"minecraft:fall_one_cm":8885},"minecraft:picked_up":{"minecraft:stick":11,"minecraft:crafting_table":2,"minecraft:black_bed":1,"biomesoplenty:fir_sapling":17,"biomesoplenty:fir_log":39,"minecraft:jungle_slab":1,"biomesoplenty:fir_planks":1,"minecraft:oak_planks":2,"minecraft:iron_bars":2,"minecraft:cobblestone":16}},"DataVersion":3465}