{"stats":{"minecraft:mined":{"minecraft:jungle_slab":1,"minecraft:black_bed":1,"biomesoplenty:fir_log":39,"minecraft:crafting_table":2,"biomesoplenty:fir_planks":1,"minecraft:iron_bars":2,"minecraft:oak_pressure_plate":1,"minecraft:stone":16,"minecraft:oak_planks":2,"minecraft:spawner":4},"minecraft:killed":{"minecraft:skeleton":2,"minecraft:zombie":2},"minecraft:used":{"minecraft:wooden_axe":42,"minecraft:melon_slice":3,"minecraft:stone_pickaxe":5,"minecraft:wooden_pickaxe":18,"minecraft:iron_sword":44,"biomesoplenty:fir_planks":15,"minecraft:torch":1,"minecraft:crafting_table":1,"minecraft:jungle_slab":1,"minecraft:cooked_beef":4},"minecraft:crafted":{"biomesoplenty:fir_planks":156,"minecraft:stick":4,"minecraft:wooden_pickaxe":1,"minecraft:stone_pickaxe":1,"minecraft:wooden_axe":1,"minecraft:iron_sword":1,"minecraft:furnace":1},"minecraft:custom":{"minecraft:time_since_rest":10174,"minecraft:interact_with_furnace":1,"minecraft:sprint_one_cm":54109,"minecraft:damage_taken":448,"minecraft:walk_one_cm":89237,"minecraft:mob_kills":4,"minecraft:damage_dealt":873,"minecraft:interact_with_crafting_table":8,"minecraft:fly_one_cm":48038,"minecraft:open_barrel":1,"minecraft:open_chest":21,"minecraft:crouch_one_cm":124,"minecraft:play_time":10174,"tombstone:undead_killed":4,"minecraft:sneak_time":88,"minecraft:jump":242,"minecraft:leave_game":3,"minecraft:walk_on_water_one_cm":97,"minecraft:time_since_death":10174,"minecraft:climb_one_cm":2519,"minecraft:total_world_time":10174,"minecraft:fall_one_cm":9852},"minecraft:picked_up":{"minecraft:leather_chestplate":1,"minecraft:stick":11,"minecraft:crafting_table":2,"minecraft:black_bed":1,"minecraft:oak_pressure_plate":1,"biomesoplenty:fir_sapling":17,"biomesoplenty:fir_log":39,"tombstone:grave_dust":1,"minecraft:jungle_slab":1,"minecraft:bone":2,"minecraft:arrow":4,"minecraft:rotten_flesh":2,"minecraft:chainmail_leggings":1,"biomesoplenty:fir_planks":1,"minecraft:oak_planks":2,"minecraft:iron_bars":2,"minecraft:cobblestone":16}},"DataVersion":3465}