{"stats":{"minecraft:mined":{"supplementaries:urn":9,"minecraft:furnace":1,"minecraft:deepslate_diamond_ore":1,"minecraft:iron_ore":6,"minecraft:birch_log":14,"minecraft:birch_leaves":3,"minecraft:crafting_table":2,"minecraft:grass":1,"minecraft:spruce_fence":1,"minecraft:coal_ore":28,"minecraft:vine":1,"minecraft:stone":62,"minecraft:diorite":1,"minecraft:deepslate":1},"minecraft:crafted":{"minecraft:crafting_table":1,"minecraft:stick":8,"minecraft:iron_pickaxe":1,"minecraft:iron_ingot":4,"minecraft:wooden_pickaxe":1,"minecraft:cooked_chicken":2,"minecraft:stone_pickaxe":1,"minecraft:wooden_axe":1,"minecraft:furnace":1,"minecraft:birch_planks":16,"minecraft:air":0},"minecraft:picked_up":{"minecraft:birch_log":14,"minecraft:raw_iron":6,"minecraft:crafting_table":2,"minecraft:feather":1,"minecraft:chicken":2,"minecraft:torch":5,"minecraft:spruce_fence":1,"supplementaries:flax_seeds":7,"minecraft:gunpowder":3,"minecraft:diorite":1,"aether:golden_gloves":1,"minecraft:bone":12,"minecraft:rotten_flesh":2,"minecraft:diamond":1,"minecraft:gold_nugget":18,"minecraft:cobbled_deepslate":1,"earthmobsmod:duck_egg":2,"minecraft:bread":2,"supplementaries:ash":9,"minecraft:birch_sapling":1,"minecraft:coal":28,"minecraft:cobblestone":58,"minecraft:furnace":1},"minecraft:killed_by":{"iceandfire:ghost":1,"minecraft:skeleton":1,"enemyexpansion:invisicreeper":1},"minecraft:used":{"earthmobsmod:duck_egg":2,"minecraft:wooden_axe":34,"minecraft:bread":2,"minecraft:stone_pickaxe":90,"minecraft:iron_pickaxe":1,"minecraft:wooden_pickaxe":12,"minecraft:cooked_chicken":2,"minecraft:iron_chestplate":1,"minecraft:cobblestone":17,"minecraft:crafting_table":3,"minecraft:furnace":2},"minecraft:dropped":{"aether:golden_gloves":1},"minecraft:killed":{"earthmobsmod:duck":2,"undead_revamp2:thesmoker":1},"minecraft:custom":{"minecraft:time_since_rest":4406,"minecraft:interact_with_furnace":9,"minecraft:sprint_one_cm":150440,"minecraft:damage_taken":1566,"minecraft:walk_one_cm":82230,"minecraft:trigger_trapped_chest":1,"minecraft:mob_kills":4,"minecraft:drop":1,"minecraft:damage_dealt":656,"minecraft:interact_with_crafting_table":9,"minecraft:swim_one_cm":32158,"minecraft:fly_one_cm":218947,"minecraft:open_chest":1,"minecraft:crouch_one_cm":849,"tombstone:undead_killed":1,"minecraft:play_time":40164,"minecraft:deaths":4,"minecraft:sneak_time":340,"minecraft:walk_under_water_one_cm":6512,"minecraft:jump":801,"minecraft:leave_game":1,"minecraft:walk_on_water_one_cm":9802,"minecraft:time_since_death":6568,"minecraft:total_world_time":40164,"minecraft:fall_one_cm":25047}},"DataVersion":3465}