{"stats":{"minecraft:mined":{"minecraft:vine":1,"minecraft:birch_log":10,"minecraft:birch_leaves":3,"minecraft:crafting_table":1},"minecraft:crafted":{"minecraft:birch_planks":12,"minecraft:crafting_table":1,"minecraft:stick":4,"minecraft:wooden_axe":1},"minecraft:picked_up":{"minecraft:birch_log":10,"minecraft:crafting_table":1,"minecraft:birch_sapling":1},"minecraft:killed_by":{"iceandfire:ghost":1},"minecraft:used":{"minecraft:iron_chestplate":1,"minecraft:wooden_axe":11,"minecraft:crafting_table":1},"minecraft:custom":{"minecraft:time_since_rest":5056,"minecraft:play_time":9388,"minecraft:sprint_one_cm":26604,"minecraft:walk_one_cm":10512,"minecraft:damage_taken":845,"minecraft:deaths":2,"minecraft:sneak_time":71,"minecraft:trigger_trapped_chest":1,"minecraft:walk_under_water_one_cm":2985,"minecraft:jump":196,"minecraft:damage_dealt":10,"minecraft:time_since_death":5677,"minecraft:walk_on_water_one_cm":4095,"minecraft:total_world_time":9388,"minecraft:swim_one_cm":28750,"minecraft:interact_with_crafting_table":2,"minecraft:fall_one_cm":12347,"minecraft:fly_one_cm":44908}},"DataVersion":3465}