{"stats":{"minecraft:mined":{"minecraft:furnace":1,"minecraft:iron_ore":6,"minecraft:birch_log":14,"minecraft:birch_leaves":3,"minecraft:crafting_table":2,"minecraft:grass":1,"minecraft:spruce_fence":1,"minecraft:coal_ore":28,"minecraft:vine":1,"minecraft:stone":62,"minecraft:diorite":1},"minecraft:crafted":{"minecraft:crafting_table":1,"minecraft:stick":8,"minecraft:wooden_pickaxe":1,"minecraft:cooked_chicken":2,"minecraft:stone_pickaxe":1,"minecraft:wooden_axe":1,"minecraft:furnace":1,"minecraft:birch_planks":16},"minecraft:picked_up":{"minecraft:birch_log":14,"minecraft:raw_iron":6,"minecraft:crafting_table":2,"minecraft:feather":1,"minecraft:chicken":2,"minecraft:spruce_fence":1,"minecraft:gunpowder":2,"minecraft:diorite":1,"aether:golden_gloves":1,"minecraft:rotten_flesh":2,"minecraft:bread":2,"minecraft:birch_sapling":1,"minecraft:coal":28,"minecraft:cobblestone":58,"minecraft:furnace":1},"minecraft:killed_by":{"iceandfire:ghost":1,"minecraft:skeleton":1},"minecraft:used":{"minecraft:wooden_axe":30,"minecraft:bread":2,"minecraft:stone_pickaxe":88,"minecraft:wooden_pickaxe":12,"minecraft:cooked_chicken":2,"minecraft:iron_chestplate":1,"minecraft:cobblestone":17,"minecraft:crafting_table":2,"minecraft:furnace":1},"minecraft:dropped":{"aether:golden_gloves":1},"minecraft:killed":{"earthmobsmod:duck":2,"undead_revamp2:thesmoker":1},"minecraft:custom":{"minecraft:time_since_rest":3317,"minecraft:interact_with_furnace":6,"minecraft:sprint_one_cm":103813,"minecraft:damage_taken":1331,"minecraft:walk_one_cm":73268,"minecraft:trigger_trapped_chest":1,"minecraft:mob_kills":3,"minecraft:drop":1,"minecraft:damage_dealt":632,"minecraft:interact_with_crafting_table":6,"minecraft:swim_one_cm":31052,"minecraft:fly_one_cm":167658,"minecraft:open_chest":1,"minecraft:crouch_one_cm":849,"tombstone:undead_killed":1,"minecraft:play_time":33388,"minecraft:deaths":3,"minecraft:sneak_time":313,"minecraft:walk_under_water_one_cm":6197,"minecraft:jump":665,"minecraft:walk_on_water_one_cm":9462,"minecraft:time_since_death":5716,"minecraft:total_world_time":33388,"minecraft:fall_one_cm":20942}},"DataVersion":3465}