{"stats":{"minecraft:mined":{"supplementaries:urn":2,"minecraft:iron_ore":4,"minecraft:jungle_slab":1,"minecraft:black_bed":1,"biomesoplenty:fir_log":39,"minecraft:crafting_table":2,"biomesoplenty:fir_planks":4,"minecraft:iron_bars":7,"minecraft:oak_pressure_plate":1,"minecraft:stone":16,"minecraft:oak_planks":2,"minecraft:spawner":10},"minecraft:crafted":{"biomesoplenty:fir_planks":156,"minecraft:stick":4,"minecraft:wooden_pickaxe":1,"minecraft:stone_pickaxe":1,"minecraft:wooden_axe":1,"minecraft:iron_sword":1,"minecraft:furnace":1},"minecraft:custom":{"minecraft:time_since_rest":278,"minecraft:interact_with_furnace":1,"minecraft:sprint_one_cm":84342,"minecraft:damage_taken":1713,"minecraft:walk_one_cm":167112,"minecraft:damage_blocked_by_shield":60,"minecraft:mob_kills":10,"minecraft:damage_dealt":2157,"minecraft:interact_with_crafting_table":8,"minecraft:fly_one_cm":65169,"minecraft:open_barrel":1,"minecraft:open_chest":27,"minecraft:deaths":1,"minecraft:crouch_one_cm":124,"minecraft:play_time":14381,"tombstone:undead_killed":7,"minecraft:sneak_time":88,"minecraft:damage_dealt_resisted":186,"minecraft:jump":297,"minecraft:leave_game":4,"minecraft:time_since_death":608,"minecraft:walk_on_water_one_cm":97,"minecraft:total_world_time":14381,"minecraft:climb_one_cm":2519,"minecraft:fall_one_cm":10187},"minecraft:killed_by":{"minecraft:player":1},"minecraft:used":{"minecraft:wooden_axe":42,"minecraft:melon_slice":3,"minecraft:stone_pickaxe":22,"minecraft:shield":1,"minecraft:wooden_pickaxe":19,"biomesoplenty:fir_planks":18,"minecraft:iron_sword":104,"supplementaries:bomb_blue":1,"minecraft:stone_axe":3,"minecraft:torch":1,"minecraft:crafting_table":1,"supplementaries:bomb":1,"minecraft:jungle_slab":1,"minecraft:cooked_beef":10},"minecraft:picked_up":{"minecraft:raw_iron":4,"minecraft:crafting_table":2,"minecraft:stick":11,"minecraft:leather_chestplate":1,"minecraft:chiseled_stone_bricks":1,"minecraft:black_bed":1,"minecraft:oak_pressure_plate":1,"biomesoplenty:fir_sapling":17,"biomesoplenty:fir_log":39,"tombstone:grave_dust":1,"minecraft:gunpowder":2,"minecraft:jungle_slab":1,"minecraft:arrow":6,"minecraft:bone":2,"minecraft:rotten_flesh":6,"minecraft:chainmail_leggings":1,"biomesoplenty:fir_planks":4,"supplementaries:ash":4,"minecraft:oak_planks":2,"minecraft:iron_bars":5,"minecraft:cobblestone":16},"minecraft:killed":{"minecraft:skeleton":2,"minecraft:cave_spider":2,"minecraft:zombie":4,"minecraft:stray":1,"minecraft:creeper":1},"minecraft:broken":{"minecraft:chainmail_leggings":1}},"DataVersion":3465}