{"stats":{"minecraft:mined":{"minecraft:vine":1},"minecraft:killed_by":{"iceandfire:ghost":1},"minecraft:used":{"minecraft:iron_chestplate":1},"minecraft:custom":{"minecraft:jump":112,"minecraft:time_since_rest":344,"minecraft:damage_dealt":10,"minecraft:deaths":1,"minecraft:sprint_one_cm":16065,"minecraft:play_time":3388,"minecraft:damage_taken":265,"minecraft:time_since_death":645,"minecraft:walk_one_cm":3161,"minecraft:trigger_trapped_chest":1,"minecraft:total_world_time":3388,"minecraft:fall_one_cm":5395,"minecraft:fly_one_cm":28101}},"DataVersion":3465}