{"stats":{"minecraft:picked_up":{"minecraft:stick":1,"minecraft:wheat":13,"minecraft:gravel":1,"biomesoplenty:fir_sapling":3,"biomesoplenty:fir_log":4,"minecraft:flint":1,"minecraft:yellow_bed":1,"butchersdelight:deadchiken":3,"minecraft:wheat_seeds":34,"minecraft:hay_block":20,"minecraft:oak_planks":3},"minecraft:crafted":{"biomesoplenty:fir_planks":16,"minecraft:crafting_table":1,"minecraft:bread":6},"minecraft:custom":{"minecraft:time_since_rest":7584,"minecraft:interact_with_furnace":1,"minecraft:sprint_one_cm":42334,"minecraft:damage_taken":79,"minecraft:walk_one_cm":31166,"minecraft:damage_dealt":133,"minecraft:swim_one_cm":1485,"minecraft:interact_with_crafting_table":1,"minecraft:fly_one_cm":52993,"minecraft:open_chest":12,"minecraft:crouch_one_cm":6,"minecraft:play_time":7584,"minecraft:sneak_time":4,"minecraft:walk_under_water_one_cm":90,"minecraft:jump":235,"minecraft:leave_game":1,"minecraft:time_since_death":7584,"minecraft:walk_on_water_one_cm":422,"minecraft:climb_one_cm":2320,"minecraft:total_world_time":7584,"minecraft:fall_one_cm":8854},"minecraft:used":{"minecraft:stone_axe":21,"minecraft:crafting_table":1,"alexsmobs:animal_dictionary":1,"minecraft:honey_bottle":6},"minecraft:mined":{"minecraft:hay_block":21,"minecraft:soul_sand":1,"biomesoplenty:fir_log":4,"minecraft:yellow_bed":1,"minecraft:grass":2,"minecraft:gravel":3,"minecraft:soul_soil":1,"minecraft:tall_grass":2,"minecraft:oak_planks":2,"minecraft:moss_block":2,"minecraft:suspicious_gravel":1}},"DataVersion":3465}