{"stats":{"minecraft:mined":{"luminousworld:groundpebbles_1":1,"luminousworld:grassvariant_4":2,"minecraft:crafting_table":1,"minecraft:grass_block":9,"minecraft:oak_planks":1,"minecraft:seagrass":4,"minecraft:tall_seagrass":2,"minecraft:furnace":1,"minecraft:grass":2,"minecraft:oak_log":4,"minecraft:sand":10,"minecraft:dirt":7,"minecraft:packed_ice":13,"luminousworld:grassvariant_3":1,"minecraft:stone":66,"minecraft:oak_leaves":4},"minecraft:crafted":{"minecraft:cooked_beef":8,"minecraft:oak_planks":16,"sophisticatedbackpacks:backpack":1,"minecraft:crafting_table":2,"minecraft:wooden_pickaxe":1,"minecraft:furnace":1,"minecraft:mangrove_planks":8,"minecraft:bread":3,"minecraft:cooked_mutton":6,"minecraft:air":0,"minecraft:stick":4,"minecraft:iron_ingot":1,"minecraft:stone_pickaxe":1,"minecraft:stone_sword":1,"minecraft:white_bed":1,"quark:mangrove_chest":1},"minecraft:picked_up":{"luminousworld:groundpebbles_1":2,"minecraft:crafting_table":1,"minecraft:lilac":1,"minecraft:leather":4,"minecraft:oak_log":4,"minecraft:dirt":11,"undead_revamp2:blacpetalblock":1,"minecraft:orange_tulip":1,"minecraft:iron_ingot":1,"minecraft:beef":8,"minecraft:oak_planks":1,"minecraft:mangrove_log":2,"minecraft:furnace":1,"minecraft:stick":2,"minecraft:sand":10,"minecraft:rotten_flesh":7,"minecraft:emerald":1,"minecraft:oak_sapling":1,"minecraft:mutton":8,"minecraft:white_wool":5,"minecraft:cobblestone":66},"minecraft:killed_by":{"born_in_chaos_v1:door_knight_not_despawn":1},"minecraft:used":{"minecraft:cooked_mutton":6,"minecraft:stone_sword":6,"minecraft:stone_pickaxe":39,"minecraft:wooden_pickaxe":31,"minecraft:dirt":2,"minecraft:sand":10,"minecraft:crafting_table":3,"minecraft:white_bed":1,"minecraft:bread":3,"minecraft:stone_axe":41,"minecraft:furnace":2,"alexsmobs:animal_dictionary":1},"minecraft:dropped":{"minecraft:lilac":1,"minecraft:orange_tulip":1,"luminousworld:groundpebbles_1":2},"minecraft:killed":{"undead_revamp2:thehunter":1,"born_in_chaos_v1:zombie_lumberjack":1,"undead_revamp2:the_moonflower":2,"minecraft:vindicator":1,"minecraft:sheep":5,"minecraft:cow":4},"minecraft:custom":{"minecraft:interact_with_furnace":10,"minecraft:mob_kills":14,"tombstone:raider_killed":1,"minecraft:interact_with_crafting_table":7,"minecraft:open_barrel":3,"minecraft:damage_dealt_resisted":43,"minecraft:time_since_death":9666,"minecraft:time_since_rest":7267,"minecraft:sprint_one_cm":111133,"minecraft:damage_taken":610,"minecraft:walk_one_cm":54220,"minecraft:drop":3,"minecraft:damage_dealt":2062,"minecraft:swim_one_cm":86193,"minecraft:fly_one_cm":164396,"minecraft:open_chest":5,"minecraft:crouch_one_cm":32,"minecraft:play_time":33577,"tombstone:undead_killed":4,"minecraft:deaths":1,"minecraft:sneak_time":209,"minecraft:walk_under_water_one_cm":17494,"minecraft:jump":657,"minecraft:walk_on_water_one_cm":21057,"minecraft:total_world_time":33577,"minecraft:fall_one_cm":11870}},"DataVersion":3465}