{"stats":{"minecraft:mined":{"minecraft:grass":1,"minecraft:grass_block":1,"luminousworld:groundpebbles_1":1,"minecraft:sand":10,"minecraft:oak_planks":1},"minecraft:picked_up":{"luminousworld:groundpebbles_1":2,"minecraft:sand":10,"minecraft:emerald":1,"minecraft:oak_planks":1,"minecraft:dirt":1},"minecraft:used":{"minecraft:sand":7,"alexsmobs:animal_dictionary":1},"minecraft:dropped":{"luminousworld:groundpebbles_1":2},"minecraft:killed":{"minecraft:vindicator":1},"minecraft:custom":{"minecraft:open_chest":1,"minecraft:time_since_rest":9577,"minecraft:play_time":9577,"minecraft:sprint_one_cm":9610,"minecraft:damage_taken":20,"minecraft:walk_one_cm":7584,"minecraft:sneak_time":84,"minecraft:walk_under_water_one_cm":7090,"minecraft:mob_kills":1,"minecraft:drop":1,"minecraft:jump":71,"tombstone:raider_killed":1,"minecraft:damage_dealt":310,"minecraft:time_since_death":9577,"minecraft:walk_on_water_one_cm":10389,"minecraft:total_world_time":9577,"minecraft:swim_one_cm":68263,"minecraft:fall_one_cm":956,"minecraft:fly_one_cm":13231}},"DataVersion":3465}