{"stats":{"minecraft:mined":{"luminousworld:groundpebbles_1":1,"minecraft:white_bed":1,"luminousworld:grassvariant_4":2,"minecraft:crafting_table":2,"minecraft:grass_block":9,"minecraft:oak_planks":1,"minecraft:pink_petals":1,"minecraft:seagrass":4,"minecraft:tall_seagrass":2,"minecraft:furnace":2,"minecraft:grass":3,"minecraft:oak_log":4,"minecraft:sand":10,"minecraft:dirt":7,"minecraft:packed_ice":13,"luminousworld:grassvariant_3":1,"minecraft:stone":66,"minecraft:oak_leaves":4},"minecraft:crafted":{"minecraft:cooked_beef":8,"minecraft:oak_planks":16,"sophisticatedbackpacks:backpack":1,"minecraft:crafting_table":2,"minecraft:wooden_pickaxe":1,"minecraft:furnace":1,"minecraft:mangrove_planks":8,"minecraft:bread":3,"minecraft:cooked_mutton":8,"minecraft:air":0,"minecraft:stick":4,"minecraft:iron_ingot":1,"minecraft:stone_pickaxe":1,"minecraft:stone_sword":1,"minecraft:white_bed":1,"quark:mangrove_chest":1},"minecraft:picked_up":{"minecraft:wheat":17,"luminousworld:groundpebbles_1":2,"minecraft:crafting_table":2,"minecraft:lilac":1,"minecraft:jungle_log":2,"minecraft:leather":4,"minecraft:oak_log":4,"minecraft:dirt":11,"minecraft:item_frame":2,"undead_revamp2:blacpetalblock":1,"minecraft:wheat_seeds":24,"minecraft:orange_tulip":1,"minecraft:iron_ingot":1,"minecraft:beef":8,"minecraft:oak_planks":1,"minecraft:mangrove_log":2,"minecraft:furnace":2,"minecraft:stick":2,"born_in_chaos_v1:ethereal_spirit":2,"minecraft:porkchop":4,"minecraft:sand":10,"minecraft:white_bed":1,"minecraft:arrow":12,"minecraft:rotten_flesh":9,"minecraft:emerald":1,"minecraft:oak_sapling":1,"minecraft:mutton":8,"minecraft:coal":13,"minecraft:white_wool":5,"minecraft:cobblestone":66},"minecraft:killed_by":{"born_in_chaos_v1:door_knight_not_despawn":1},"minecraft:used":{"minecraft:cooked_mutton":8,"minecraft:stone_sword":18,"minecraft:stone_pickaxe":40,"minecraft:wooden_pickaxe":31,"minecraft:dirt":2,"minecraft:sand":10,"minecraft:crafting_table":3,"minecraft:white_bed":1,"minecraft:bread":3,"minecraft:stone_axe":54,"minecraft:furnace":2,"alexsmobs:animal_dictionary":1},"minecraft:dropped":{"minecraft:lilac":1,"minecraft:orange_tulip":1,"luminousworld:groundpebbles_1":2},"minecraft:killed":{"minecraft:pig":2,"undead_revamp2:thehunter":1,"born_in_chaos_v1:restless_spirit":1,"born_in_chaos_v1:zombie_lumberjack":2,"undead_revamp2:the_moonflower":2,"minecraft:vindicator":1,"born_in_chaos_v1:maggot":2,"minecraft:sheep":5,"minecraft:cow":4},"minecraft:custom":{"minecraft:interact_with_furnace":10,"minecraft:mob_kills":20,"tombstone:raider_killed":1,"minecraft:interact_with_crafting_table":7,"minecraft:open_barrel":3,"minecraft:damage_dealt_resisted":43,"minecraft:leave_game":1,"minecraft:time_since_death":15807,"minecraft:sleep_in_bed":1,"minecraft:time_since_rest":4063,"minecraft:sprint_one_cm":153265,"minecraft:damage_taken":760,"minecraft:walk_one_cm":80467,"minecraft:drop":3,"minecraft:damage_dealt":2905,"minecraft:swim_one_cm":86672,"minecraft:fly_one_cm":201923,"minecraft:open_chest":7,"minecraft:crouch_one_cm":32,"minecraft:play_time":39718,"tombstone:undead_killed":5,"minecraft:deaths":1,"minecraft:sneak_time":209,"minecraft:walk_under_water_one_cm":18249,"minecraft:jump":826,"minecraft:walk_on_water_one_cm":21871,"minecraft:total_world_time":39718,"minecraft:fall_one_cm":14502}},"DataVersion":3465}