{"stats":{"minecraft:mined":{"minecraft:seagrass":4,"minecraft:tall_seagrass":2,"luminousworld:groundpebbles_1":1,"minecraft:grass":1,"minecraft:grass_block":2,"minecraft:oak_log":4,"minecraft:dirt":3,"minecraft:sand":10,"minecraft:packed_ice":13,"minecraft:stone":64,"minecraft:oak_planks":1,"minecraft:oak_leaves":4},"minecraft:crafted":{"minecraft:oak_planks":16,"minecraft:crafting_table":2,"minecraft:stick":4,"minecraft:wooden_pickaxe":1,"minecraft:stone_pickaxe":1,"minecraft:stone_sword":1,"minecraft:furnace":1,"minecraft:air":0,"minecraft:cooked_mutton":6,"minecraft:bread":3},"minecraft:picked_up":{"luminousworld:groundpebbles_1":2,"minecraft:stick":2,"minecraft:sand":10,"minecraft:oak_log":4,"minecraft:dirt":5,"minecraft:rotten_flesh":6,"undead_revamp2:blacpetalblock":1,"minecraft:emerald":1,"minecraft:oak_sapling":1,"minecraft:mutton":6,"minecraft:oak_planks":1,"minecraft:white_wool":4,"minecraft:cobblestone":63},"minecraft:used":{"minecraft:cooked_mutton":4,"minecraft:bread":3,"minecraft:stone_pickaxe":33,"minecraft:wooden_pickaxe":31,"minecraft:stone_axe":34,"minecraft:dirt":2,"minecraft:sand":10,"minecraft:crafting_table":2,"minecraft:furnace":1,"alexsmobs:animal_dictionary":1},"minecraft:dropped":{"luminousworld:groundpebbles_1":2},"minecraft:killed":{"minecraft:sheep":4,"undead_revamp2:thehunter":1,"undead_revamp2:the_moonflower":2,"minecraft:vindicator":1},"minecraft:custom":{"minecraft:time_since_rest":21577,"minecraft:interact_with_furnace":4,"minecraft:sprint_one_cm":49994,"minecraft:damage_taken":290,"minecraft:walk_one_cm":27396,"minecraft:mob_kills":8,"minecraft:drop":1,"tombstone:raider_killed":1,"minecraft:damage_dealt":1373,"minecraft:swim_one_cm":85356,"minecraft:interact_with_crafting_table":4,"minecraft:fly_one_cm":72220,"minecraft:open_chest":2,"minecraft:crouch_one_cm":32,"minecraft:play_time":21577,"tombstone:undead_killed":3,"minecraft:sneak_time":204,"minecraft:walk_under_water_one_cm":17414,"minecraft:jump":337,"minecraft:damage_dealt_resisted":43,"minecraft:walk_on_water_one_cm":20412,"minecraft:time_since_death":21577,"minecraft:total_world_time":21577,"minecraft:fall_one_cm":7407}},"DataVersion":3465}