{"stats":{"minecraft:mined":{"minecraft:hay_block":21,"minecraft:soul_sand":1,"minecraft:yellow_bed":1,"biomesoplenty:fir_log":4,"minecraft:grass":5,"minecraft:gravel":3,"minecraft:soul_soil":1,"minecraft:tall_grass":2,"minecraft:moss_block":2,"minecraft:oak_planks":2,"minecraft:suspicious_gravel":1},"minecraft:killed":{"cataclysm:deepling_brute":1},"minecraft:used":{"minecraft:bread":2,"minecraft:iron_sword":19,"minecraft:stone_axe":26,"minecraft:fishing_rod":1,"minecraft:crafting_table":2,"tombstone:gift":2,"alexsmobs:animal_dictionary":1,"minecraft:honey_bottle":6},"minecraft:crafted":{"biomesoplenty:fir_planks":16,"minecraft:crafting_table":2,"minecraft:bread":66,"minecraft:wheat":180},"minecraft:custom":{"minecraft:time_since_rest":416,"minecraft:interact_with_furnace":1,"minecraft:sprint_one_cm":64939,"minecraft:damage_taken":653,"minecraft:walk_one_cm":41991,"minecraft:mob_kills":1,"minecraft:damage_dealt":850,"minecraft:swim_one_cm":19722,"minecraft:interact_with_crafting_table":2,"minecraft:fly_one_cm":116809,"minecraft:open_barrel":4,"minecraft:open_chest":13,"minecraft:crouch_one_cm":6,"minecraft:play_time":10780,"minecraft:deaths":2,"minecraft:sneak_time":9,"minecraft:walk_under_water_one_cm":861,"minecraft:jump":432,"minecraft:leave_game":1,"minecraft:walk_on_water_one_cm":3063,"minecraft:time_since_death":566,"minecraft:climb_one_cm":2320,"minecraft:total_world_time":10780,"minecraft:fall_one_cm":16095},"minecraft:picked_up":{"minecraft:stick":1,"minecraft:wheat":13,"minecraft:gravel":1,"biomesoplenty:fir_sapling":3,"biomesoplenty:fir_log":4,"minecraft:flint":1,"minecraft:yellow_bed":1,"butchersdelight:deadchiken":6,"minecraft:wheat_seeds":34,"minecraft:hay_block":20,"minecraft:oak_planks":3},"minecraft:killed_by":{"cataclysm:deepling_brute":1}},"DataVersion":3465}