{"stats":{"minecraft:dropped":{"minecraft:wheat_seeds":1,"biomesoplenty:fir_planks":8,"minecraft:oak_planks":4},"minecraft:mined":{"minecraft:hay_block":21,"minecraft:soul_sand":1,"minecraft:yellow_bed":1,"biomesoplenty:fir_log":4,"minecraft:grass":20,"minecraft:oak_log":3,"minecraft:gravel":3,"minecraft:cobweb":5,"minecraft:soul_soil":1,"minecraft:tall_grass":10,"minecraft:moss_block":2,"minecraft:oak_planks":2,"minecraft:suspicious_gravel":1},"minecraft:crafted":{"biomesoplenty:fir_planks":16,"minecraft:oak_planks":12,"sophisticatedbackpacks:backpack":1,"butchersdelight:hook":1,"minecraft:iron_nugget":9,"minecraft:crafting_table":2,"quark:oak_chest":1,"butchersdelight:cleaver":1,"minecraft:bread":66,"minecraft:wheat":180},"minecraft:custom":{"minecraft:time_since_rest":5099,"minecraft:interact_with_furnace":1,"minecraft:sprint_one_cm":108203,"minecraft:damage_taken":745,"minecraft:walk_one_cm":72412,"minecraft:mob_kills":1,"minecraft:drop":3,"minecraft:damage_dealt":1369,"minecraft:swim_one_cm":39050,"minecraft:interact_with_crafting_table":6,"minecraft:fly_one_cm":157406,"minecraft:open_barrel":5,"minecraft:open_chest":21,"minecraft:crouch_one_cm":59,"minecraft:play_time":15463,"minecraft:deaths":2,"minecraft:sneak_time":41,"minecraft:walk_under_water_one_cm":2386,"minecraft:jump":596,"minecraft:leave_game":2,"minecraft:walk_on_water_one_cm":5499,"minecraft:time_since_death":5249,"minecraft:climb_one_cm":3584,"minecraft:total_world_time":15463,"minecraft:fall_one_cm":22054},"minecraft:killed_by":{"cataclysm:deepling_brute":1},"minecraft:used":{"minecraft:bread":5,"minecraft:oak_planks":3,"minecraft:iron_helmet":1,"butchersdelight:hook":1,"minecraft:iron_sword":62,"minecraft:leather_boots":1,"minecraft:stone_axe":30,"minecraft:fishing_rod":1,"minecraft:crafting_table":2,"tombstone:gift":2,"alexsmobs:animal_dictionary":1,"minecraft:chainmail_leggings":1,"minecraft:honey_bottle":6},"minecraft:picked_up":{"minecraft:stick":1,"minecraft:wheat":13,"butchersdelight:cow_hide":4,"butchersdelight:skullcow":4,"minecraft:gravel":1,"biomesoplenty:fir_sapling":3,"biomesoplenty:fir_log":4,"minecraft:flint":1,"minecraft:oak_log":3,"minecraft:yellow_bed":1,"minecraft:string":4,"butchersdelight:deadchiken":6,"minecraft:item_frame":20,"minecraft:bone":4,"minecraft:arrow":15,"butchersdelight:dead_cow":4,"minecraft:wheat_seeds":35,"biomesoplenty:fir_planks":8,"minecraft:beef":16,"minecraft:hay_block":20,"minecraft:iron_ingot":1,"minecraft:iron_pickaxe":1,"minecraft:emerald":2,"minecraft:oak_planks":7},"minecraft:killed":{"cataclysm:deepling_brute":1}},"DataVersion":3465}