{"stats":{"minecraft:mined":{"minecraft:grass":1,"minecraft:grass_block":1,"minecraft:oak_planks":1},"minecraft:picked_up":{"minecraft:oak_planks":1,"minecraft:dirt":1},"minecraft:used":{"alexsmobs:animal_dictionary":1},"minecraft:killed":{"minecraft:vindicator":1},"minecraft:custom":{"minecraft:jump":25,"minecraft:time_since_rest":3577,"tombstone:raider_killed":1,"minecraft:damage_dealt":300,"minecraft:walk_on_water_one_cm":3291,"minecraft:sprint_one_cm":5341,"minecraft:play_time":3577,"minecraft:time_since_death":3577,"minecraft:walk_one_cm":5414,"minecraft:sneak_time":6,"minecraft:total_world_time":3577,"minecraft:walk_under_water_one_cm":687,"minecraft:mob_kills":1,"minecraft:swim_one_cm":12867,"minecraft:fall_one_cm":269,"minecraft:fly_one_cm":6368}},"DataVersion":3465}