{"stats":{"minecraft:dropped":{"minecraft:wheat_seeds":283},"minecraft:mined":{"minecraft:hay_block":1,"minecraft:white_bed":1,"minecraft:carrots":8,"minecraft:wheat":175,"minecraft:stripped_oak_wood":2,"minecraft:crafting_table":1,"minecraft:yellow_bed":1,"minecraft:grass":7,"minecraft:bookshelf":1,"minecraft:potatoes":1,"minecraft:oak_log":1,"minecraft:beetroots":1,"minecraft:white_stained_glass_pane":3,"biomesoplenty:barley":1,"minecraft:tall_grass":2,"minecraft:stone_bricks":10,"minecraft:oak_planks":7,"minecraft:oak_leaves":2,"minecraft:suspicious_gravel":1},"minecraft:crafted":{"minecraft:oak_planks":4,"minecraft:crafting_table":1,"minecraft:bread":7},"minecraft:custom":{"minecraft:time_since_rest":15578,"minecraft:interact_with_furnace":3,"minecraft:sprint_one_cm":116479,"minecraft:damage_taken":590,"minecraft:walk_one_cm":109211,"minecraft:drop":5,"minecraft:damage_dealt":116,"minecraft:play_noteblock":1,"minecraft:interact_with_crafting_table":2,"minecraft:swim_one_cm":14451,"minecraft:talked_to_villager":2,"minecraft:fly_one_cm":173159,"minecraft:open_barrel":11,"minecraft:open_chest":15,"minecraft:play_time":15578,"minecraft:crouch_one_cm":736,"minecraft:sneak_time":108,"minecraft:walk_under_water_one_cm":5161,"minecraft:jump":705,"minecraft:eat_cake_slice":5,"minecraft:leave_game":5,"minecraft:time_since_death":15578,"minecraft:walk_on_water_one_cm":8193,"minecraft:climb_one_cm":10649,"minecraft:total_world_time":15578,"minecraft:fall_one_cm":27017},"minecraft:used":{"minecraft:apple":1,"minecraft:iron_shovel":42,"minecraft:bread":7,"minecraft:iron_pickaxe":13,"minecraft:oak_planks":6,"minecraft:stone_bricks":1,"minecraft:rotten_flesh":2,"minecraft:item_frame":2,"minecraft:crafting_table":1,"minecraft:stripped_oak_wood":2,"minecraft:carrot":4,"alexsmobs:animal_dictionary":3,"minecraft:pumpkin_pie":1,"minecraft:experience_bottle":1},"minecraft:picked_up":{"minecraft:book":3,"minecraft:crafting_table":1,"minecraft:wheat":161,"minecraft:white_dye":4,"minecraft:oak_log":1,"minecraft:yellow_bed":1,"minecraft:carrot":4,"minecraft:redstone":4,"minecraft:lapis_lazuli":4,"minecraft:item_frame":23,"minecraft:iron_shovel":2,"minecraft:arrow":3,"minecraft:experience_bottle":1,"minecraft:rotten_flesh":2,"minecraft:stone_bricks":10,"minecraft:pumpkin_pie":1,"minecraft:wheat_seeds":475,"minecraft:iron_ingot":5,"minecraft:stripped_oak_wood":2,"minecraft:gold_ingot":4,"minecraft:emerald":1,"minecraft:iron_pickaxe":1,"minecraft:oak_planks":6}},"DataVersion":3465}