{"stats":{"minecraft:mined":{"minecraft:hay_block":1,"minecraft:white_bed":1,"minecraft:carrots":6,"minecraft:wheat":45,"minecraft:stripped_oak_wood":2,"minecraft:yellow_bed":1,"minecraft:crafting_table":1,"minecraft:grass":6,"minecraft:bookshelf":1,"minecraft:potatoes":1,"minecraft:beetroots":1,"minecraft:white_stained_glass_pane":1,"biomesoplenty:barley":1,"minecraft:tall_grass":1,"minecraft:oak_planks":7,"minecraft:oak_leaves":2,"minecraft:suspicious_gravel":1},"minecraft:used":{"minecraft:bread":3,"minecraft:oak_planks":6,"minecraft:rotten_flesh":2,"minecraft:item_frame":2,"minecraft:crafting_table":1,"minecraft:stripped_oak_wood":2,"minecraft:carrot":4,"minecraft:pumpkin_pie":1,"alexsmobs:animal_dictionary":3},"minecraft:crafted":{"minecraft:bread":7},"minecraft:custom":{"minecraft:time_since_rest":10894,"minecraft:interact_with_furnace":2,"minecraft:sprint_one_cm":74788,"minecraft:damage_taken":342,"minecraft:walk_one_cm":66065,"minecraft:damage_dealt":116,"minecraft:play_noteblock":1,"minecraft:talked_to_villager":2,"minecraft:swim_one_cm":3111,"minecraft:interact_with_crafting_table":2,"minecraft:fly_one_cm":93176,"minecraft:open_barrel":2,"minecraft:open_chest":10,"minecraft:play_time":10894,"minecraft:crouch_one_cm":134,"minecraft:sneak_time":56,"minecraft:walk_under_water_one_cm":2075,"minecraft:jump":420,"minecraft:eat_cake_slice":3,"minecraft:walk_on_water_one_cm":5607,"minecraft:leave_game":3,"minecraft:time_since_death":10894,"minecraft:climb_one_cm":5296,"minecraft:total_world_time":10894,"minecraft:fall_one_cm":15102},"minecraft:picked_up":{"minecraft:book":3,"minecraft:crafting_table":1,"minecraft:wheat":37,"minecraft:white_dye":4,"minecraft:yellow_bed":1,"minecraft:carrot":4,"minecraft:redstone":4,"minecraft:lapis_lazuli":4,"minecraft:item_frame":21,"minecraft:experience_bottle":1,"minecraft:arrow":3,"minecraft:rotten_flesh":2,"minecraft:pumpkin_pie":1,"minecraft:wheat_seeds":86,"minecraft:iron_ingot":4,"minecraft:stripped_oak_wood":2,"minecraft:gold_ingot":4,"minecraft:oak_planks":6}},"DataVersion":3465}