{"stats":{"minecraft:mined":{"minecraft:hay_block":1,"minecraft:grass":4,"minecraft:bookshelf":1,"minecraft:potatoes":1,"minecraft:beetroots":1,"minecraft:carrots":6,"minecraft:wheat":23,"minecraft:tall_grass":1,"minecraft:oak_planks":7,"minecraft:stripped_oak_wood":2,"minecraft:oak_leaves":2,"minecraft:yellow_bed":1,"minecraft:crafting_table":1,"minecraft:suspicious_gravel":1},"minecraft:used":{"minecraft:oak_planks":4,"alexsmobs:animal_dictionary":3,"minecraft:rotten_flesh":2},"minecraft:custom":{"minecraft:open_chest":8,"minecraft:time_since_rest":7651,"minecraft:crouch_one_cm":14,"minecraft:sprint_one_cm":46827,"minecraft:damage_taken":190,"minecraft:walk_one_cm":24061,"minecraft:sneak_time":43,"minecraft:walk_under_water_one_cm":1959,"minecraft:jump":279,"minecraft:damage_dealt":22,"minecraft:leave_game":3,"minecraft:time_since_death":7651,"minecraft:walk_on_water_one_cm":4421,"minecraft:total_world_time":7651,"minecraft:climb_one_cm":3404,"minecraft:play_noteblock":1,"minecraft:swim_one_cm":2064,"minecraft:interact_with_crafting_table":1,"minecraft:fall_one_cm":10829,"minecraft:fly_one_cm":62115,"minecraft:play_time":7651},"minecraft:picked_up":{"minecraft:book":3,"minecraft:crafting_table":1,"minecraft:wheat":16,"minecraft:rotten_flesh":2,"minecraft:wheat_seeds":36,"minecraft:stripped_oak_wood":2,"minecraft:carrot":4,"minecraft:yellow_bed":1,"minecraft:oak_planks":6}},"DataVersion":3465}